{
  "N": 2,
  "Lambda0": 524.2575352391519,
  "c_stab_global": -211.29227642778494,
  "c_stab_local": 714.0,
  "geodesic_min": -17.44,
  "random_min": -211.29227642778494,
  "mix_min": 117.02369974429449,
  "stable": false,
  "elapsed": 176.7930748462677
}
