{
  "N": 6,
  "Lambda0_quadrature": 523.9192894978122,
  "c_stab_global_estimate": -409.4531459273522,
  "c_stab_local_hessian": 714.0,
  "geodesic_min_ratio": -409.4531459273522,
  "geodesic_worst": {
    "mode": 1,
    "type": "cos",
    "epsilon": 1.5,
    "d_to_f0": 0.7924716517705409,
    "J": 781.0604996829958,
    "gap": -257.1412101851836,
    "ratio_gap_d2": -409.4531459273522
  },
  "random_min_ratio": -316.01081225914794,
  "random_max_J": 1201.4462246292903,
  "parameters": {
    "R": 120.0,
    "dr": 0.1,
    "nphi": 96
  },
  "elapsed": 439.1186420917511
}
