{
  "N": 4,
  "Lambda0_quadrature": 523.7426000013629,
  "c_stab_global_estimate": -456.8179420586089,
  "c_stab_local_hessian": 714.0,
  "geodesic_min_ratio": -388.409242871639,
  "geodesic_worst": {
    "mode": 1,
    "type": "sin",
    "epsilon": 1.25,
    "d_to_f0": 0.7081403119928208,
    "J": 718.5153482074164,
    "gap": -194.7727482060535,
    "ratio_gap_d2": -388.409242871639
  },
  "random_min_ratio": -456.8179420586089,
  "random_max_J": 1248.1847565392334,
  "parameters": {
    "R": 100.0,
    "dr": 0.15,
    "nphi": 64
  },
  "elapsed": 87.4340250492096
}
