{
  "rigorous": false,
  "warning": "Floating-point restricted probe only; not an exclusion proof.",
  "backend": "gsl",
  "modes": 2,
  "orders": [
    0,
    2,
    4
  ],
  "R": 80.0,
  "dr": 0.12,
  "nphi": 64,
  "eta_rel": 0.001,
  "eta": 0.5234226918193383,
  "r0": 0.13,
  "Lambda0_grid": 523.4226918193383,
  "positive_annular_candidates": 128,
  "candidates_in_slab": 0,
  "best_any": {
    "b": [
      0.29280314712070166,
      -0.35593181509276955,
      0.14196852912171323
    ],
    "J": 362.0655291103439,
    "T_coeffs": [
      109.44972218462127,
      -126.80261239179843,
      42.41438013083924
    ],
    "residual_norm": 18.476233725129457,
    "residual_x": [
      8.612262891096192,
      3.665485197309045,
      -15.929983014070254
    ],
    "distance": 0.7294537031591638,
    "min_value": 0.03929108112683578,
    "source": "random"
  },
  "best_slab": null,
  "best_descent": {
    "b": [
      0.39893821519061445,
      0.002260609445597752,
      0.0011733498110931804
    ],
    "J": 523.4059870568036,
    "T_coeffs": [
      208.80887162481827,
      0.6332218741193384,
      0.16327328659647786
    ],
    "residual_norm": 1.2605415298691272,
    "residual_x": [
      0.005568044311931508,
      -0.974840124918988,
      -0.7991374576725031
    ],
    "distance": 0.004514415217807337,
    "min_value": 0.3972204693151863,
    "score": 3.163907196429026
  },
  "elapsed_seconds": 67.41854119300842
}
