{
  "rigorous": false,
  "warning": "Floating-point restricted probe only; not an exclusion proof.",
  "backend": "gsl",
  "modes": 2,
  "orders": [
    0,
    2,
    4
  ],
  "R": 60.0,
  "dr": 0.2,
  "nphi": 48,
  "eta_rel": 0.001,
  "eta": 0.5229741637664362,
  "r0": 0.13,
  "Lambda0_grid": 522.9741637664363,
  "positive_annular_candidates": 116,
  "candidates_in_slab": 0,
  "best_any": {
    "b": [
      0.29280314712070166,
      -0.35593181509276955,
      0.14196852912171323
    ],
    "J": 356.9995851510213,
    "T_coeffs": [
      108.3405729114747,
      -124.73860952148162,
      40.80577741499081
    ],
    "residual_norm": 20.364658109417775,
    "residual_x": [
      9.550180679362922,
      4.127869206734462,
      -17.506400107306234
    ],
    "distance": 0.7294537031591638,
    "min_value": 0.03929108112683578,
    "source": "random"
  },
  "best_slab": null,
  "best_descent": {
    "b": [
      0.3988529929318654,
      -0.011486833233040693,
      -0.003243286088805864
    ],
    "J": 522.6306273049297,
    "T_coeffs": [
      208.49842461869758,
      -3.187452353847464,
      -0.44411699628165857
    ],
    "residual_norm": 5.46260156443707,
    "residual_x": [
      0.11438928012885355,
      4.991085597108247,
      2.217204435030865
    ],
    "distance": 0.02115705536164745,
    "min_value": 0.38412287361001884,
    "slab_penalty": 0.3435364615065737,
    "annulus_penalty": 0.10884294463835256,
    "positivity_penalty": 0.0,
    "feasible_for_probe": false,
    "score": 13056.799617243845
  },
  "best_feasible_descent": null,
  "elapsed_seconds": 22.984330892562866
}
