{
  "rigorous": false,
  "warning": "Floating-point restricted probe only; not an exclusion proof.",
  "backend": "gsl",
  "modes": 3,
  "orders": [
    0,
    2,
    4,
    6
  ],
  "R": 60.0,
  "dr": 0.2,
  "nphi": 64,
  "eta_rel": 0.001,
  "eta": 0.5229741637664643,
  "r0": 0.13,
  "Lambda0_grid": 522.9741637664644,
  "positive_annular_candidates": 179,
  "candidates_in_slab": 0,
  "best_any": {
    "b": [
      0.3282057747956696,
      0.3207363792358752,
      0.0,
      0.0
    ],
    "J": 388.5499716980835,
    "T_coeffs": [
      133.68857596326933,
      112.00653958497426,
      -1.464371109555366,
      -0.8108598572156623
    ],
    "residual_norm": 27.341214908270615,
    "residual_x": [
      15.451436857135398,
      -22.360518268240895,
      -2.5955302122861914,
      -1.4372116764665974
    ],
    "distance": 0.5955000000000003,
    "min_value": 0.007469395559794367,
    "source": "geodesic_cos2"
  },
  "best_slab": null,
  "best_descent": null,
  "best_feasible_descent": null,
  "elapsed_seconds": 26.176263093948364
}
